date,product_category,region,marketing_spend,discount_percentage,competitor_price,website_visits,season,sales
2022-01-01,Food,East,7283.455426177707,5.553987865158589,283.5868033112981,10435,Fall,6388.0161640101
2022-01-02,Home,North,5824.867297097084,16.257028421350743,265.63184493337894,38766,Winter,11160.0317722347
2022-01-03,Electronics,North,3785.7485465769496,26.18837507629225,61.538929612896055,1162,Summer,7500.166700984716
2022-01-04,Food,West,8324.155177362538,21.966746592286835,203.56152243177036,35742,Summer,12876.886612006367
2022-01-05,Food,East,7162.580552984913,24.196834435843492,221.08802845363567,20675,Summer,9648.607969974908
2022-01-06,Home,North,2463.5524541040218,19.763501001321522,229.47025140360523,9461,Winter,5698.064991353887
2022-01-07,Electronics,West,9198.344660444582,20.768296935535574,311.07756615229954,18015,Summer,11169.380080082821
2022-01-08,Electronics,East,8402.83518630852,25.47586954695958,290.1211460270953,33591,Spring,10313.177916101811
2022-01-09,Food,West,9548.199219627317,7.490040265775578,323.55729175705005,29047,Fall,12780.655365881099
2022-01-10,Clothing,South,7531.475575495239,14.682748909294215,394.1974676939577,35782,Winter,12115.270501449537
2022-01-11,Food,North,6520.736763422109,6.636283254588067,415.84358242224204,10833,Summer,10072.06412648053
2022-01-12,Food,South,4764.18732661557,29.63004023989941,373.1553843019225,8896,Spring,9549.851690223893
2022-01-13,Food,East,9394.55635018612,28.321780190598396,479.98566317972063,33972,Fall,12070.805132741907
2022-01-14,Food,South,8794.575005503675,1.182804341055177,58.204662204362734,42800,Fall,13109.183659991582
2022-01-15,Home,South,1406.9680309557048,21.167255175470654,138.10009355759576,31508,Winter,7770.346944512326
2022-01-16,Electronics,East,1237.302770475268,27.757449522469976,53.40329374016395,6347,Winter,3096.4030042250165
2022-01-17,Home,West,4388.170301902446,5.417260353820006,341.3636213695714,31314,Winter,9359.909002171164
2022-01-18,Home,South,8294.979977036495,17.038356916578884,454.1137470274941,3643,Spring,8250.5897045762
2022-01-19,Home,West,9885.4851638345,27.464648927641257,159.56703345933465,41785,Spring,12223.921737600594
2022-01-20,Food,South,2353.7520199317537,1.0183793575739652,467.165545158338,19681,Winter,8246.411914120901
2022-01-21,Clothing,West,6347.176438169216,20.922608017405196,77.12032563030237,39328,Summer,10237.837885832148
2022-01-22,Electronics,East,4428.017709679194,8.920470221176522,470.49621206248145,16892,Fall,9578.216011105244
2022-01-23,Clothing,South,9729.229580331428,27.73188586129591,208.2302092578355,48299,Fall,13308.127562019115
2022-01-24,Home,East,8579.070308221379,29.131747354961032,95.63937280214743,18073,Spring,9630.947465224022
2022-01-25,Home,South,8544.958342400241,28.32799467340302,268.6422916338465,37768,Fall,11304.984721017052
2022-01-26,Clothing,East,5218.238438154733,14.226426499723914,165.54945547422858,31682,Summer,10221.188577950148
2022-01-27,Clothing,East,4733.375521038986,25.861279529679404,178.1928058828653,33262,Fall,10224.922048703158
2022-01-28,Clothing,South,3460.663647376356,25.33648195605211,188.28048421682897,32358,Spring,7832.177510174672
2022-01-29,Home,South,1507.379469858344,9.573014197297669,411.36165402469857,15289,Spring,6145.822535989031
2022-01-30,Home,South,8782.50138629548,24.86746422452032,292.6225745038645,8927,Summer,8736.851453145062
2022-01-31,Electronics,North,8316.109082170698,1.1102290414647786,190.08846462020165,49330,Summer,12689.672165538896
2022-02-01,Electronics,West,9997.459059575176,17.88809635446159,324.6502024899133,2171,Fall,8502.16685234301
2022-02-02,Home,North,9969.731533665148,6.900265118631092,372.2678034004371,12918,Fall,10455.431637356362
2022-02-03,Clothing,North,5998.885350423647,3.6170065733183643,172.6808003300902,42903,Spring,12983.281527258632
2022-02-04,Clothing,East,7920.886736624595,2.3085960488762747,236.09709568640818,40110,Summer,13118.574894870408
2022-02-05,Electronics,South,9502.891568941852,20.888663276344193,104.84874200162639,12929,Summer,10193.502532021259
2022-02-06,Home,West,8646.826516096702,10.196248913041984,131.51720729060614,3539,Summer,10018.398774564223
2022-02-07,Electronics,East,3226.132915688779,21.743003145862843,356.5030342842423,37727,Fall,9161.24451215185
2022-02-08,Electronics,North,5054.897217790842,1.960690223968271,131.64725646303214,46951,Summer,12514.978947625896
2022-02-09,Food,South,2162.434736363455,9.45871013491831,286.3235226501771,23669,Spring,7871.9601085033155
2022-02-10,Food,East,9586.459245328502,16.184738771260115,369.0708177750947,6432,Spring,9892.555033500874
2022-02-11,Food,South,6455.57171005792,23.721694945168906,98.09461539263472,21644,Fall,8623.342450158932
2022-02-12,Clothing,East,3057.7852495311645,9.562575087962097,305.2904988330066,19745,Winter,5586.446712091048
2022-02-13,Home,South,7045.30615965271,18.776741293110273,165.4532526656137,29228,Fall,10372.336852984537
2022-02-14,Home,North,6563.154164121062,26.579332447085616,483.3170938569109,35521,Winter,11927.458595806193
2022-02-15,Home,West,4223.464462295564,18.475895645469137,267.5955410239661,32703,Summer,10384.452851115919
2022-02-16,Home,North,2022.0183297966612,6.988784242609013,412.69664739882114,27928,Fall,9419.767437359053
2022-02-17,Food,West,7044.158760335196,0.7320234466961406,297.6019439703178,19322,Spring,11653.808929639008
2022-02-18,Clothing,South,5682.7693081341395,26.102966217027898,69.53563978466863,23360,Summer,8960.893934177111
2022-02-19,Clothing,East,7950.865525620754,0.6380823255116141,334.91811901731006,30055,Spring,12146.344353940392
2022-02-20,Food,North,5681.47151000794,26.24105018052598,478.13150399299565,43891,Summer,10300.131350543323
2022-02-21,Clothing,West,8669.633502866862,15.86811402081636,320.725319065849,17376,Fall,9962.938194365564
2022-02-22,Food,North,5967.16154897037,28.172030955386884,418.6349867420556,7588,Winter,7949.550376486981
2022-02-23,Home,West,6048.441743818476,23.96349707320996,447.8929085067835,26000,Summer,10629.930455417556
2022-02-24,Food,North,8889.882423925104,29.938023316000123,152.6358973770196,7304,Winter,8538.993770481547
2022-02-25,Home,West,4631.345795911573,10.521354463551305,145.42017795870197,8345,Summer,7173.91590992681
2022-02-26,Home,West,2206.1370560557666,23.015648667933807,324.9414449829463,30300,Spring,7982.81405348779
2022-02-27,Electronics,South,1259.0440868200508,12.057927408277266,234.9628114130171,25259,Spring,8153.732421925278
2022-02-28,Food,West,7796.235301062571,14.396268609117266,427.93758629002417,26470,Summer,9381.44940394188
2022-03-01,Electronics,South,6582.785962181182,18.825163896551103,455.010405529105,24017,Winter,7455.653833125798
2022-03-02,Food,West,7336.717912893012,26.21031342559016,209.03962068622315,16352,Fall,8442.506435675414
2022-03-03,Food,East,2916.677453580197,29.522504075978855,156.59175153851692,34365,Fall,7198.001097076996
2022-03-04,Electronics,East,2227.343280280928,23.048202415935545,401.2364818597378,20446,Spring,6497.721321696376
2022-03-05,Electronics,East,1130.9019910109373,12.533003465020013,173.66271599666123,3336,Fall,5124.620503436998
2022-03-06,Food,West,4155.288029259373,12.640710068312105,420.17644333115527,10879,Spring,7080.260102191067
2022-03-07,Clothing,South,6309.259181691697,22.127469047666743,240.68221414194326,33316,Fall,11832.323672933257
2022-03-08,Home,South,4530.196405897591,7.1633143730490705,350.3974546811617,34340,Summer,10667.67724889866
2022-03-09,Electronics,West,4937.274298213561,3.3142233939418397,92.99089122560068,8521,Spring,8455.500339020517
2022-03-10,Home,East,9137.428250443736,10.638664729223295,330.73669610445785,7171,Spring,10376.088032804106
2022-03-11,Clothing,East,4134.299203209703,8.617169749622452,253.2954554317531,24481,Summer,7945.557996342961
2022-03-12,Clothing,South,5625.905402438297,8.889243613679703,313.97380842896337,19474,Spring,10355.00230795543
2022-03-13,Clothing,East,8052.8771146702875,7.008232531497298,125.60639348518853,47760,Fall,13376.262644224818
2022-03-14,Electronics,North,4568.885040891431,1.2627956890908565,381.59318522488195,45629,Fall,12454.683353232385
2022-03-15,Clothing,South,6598.780302050862,0.5362180420024143,438.25868489445287,46232,Spring,11823.922015885155
2022-03-16,Electronics,East,8761.273378720707,29.631671692080946,147.53291004084906,22008,Fall,8546.094338740244
2022-03-17,Clothing,South,9545.685612918778,12.83319401207587,93.07154998407277,2633,Winter,10212.372763880625
2022-03-18,Home,North,2323.6613283613415,11.52979941479045,60.63736372085138,13485,Spring,7310.250219538664
2022-03-19,Home,South,9339.28862645345,20.389418480792095,338.8871751994697,44617,Summer,12209.821834829609
2022-03-20,Food,South,5429.046637715844,6.5476166359519254,323.19231623995137,4648,Winter,6982.279405785632
2022-03-21,Home,South,3324.199494690625,28.49883551850676,296.0138357213315,48945,Spring,11257.092755834745
2022-03-22,Food,South,5132.221806144352,23.59035043246656,154.37619325218895,14140,Summer,6611.18148858152
2022-03-23,Home,North,9820.293177569294,2.6823300693677856,225.9076981574816,18921,Fall,13310.803038572221
2022-03-24,Electronics,West,5433.562845935827,12.52742327354785,317.5143508337779,15357,Summer,7725.489524642652
2022-03-25,Home,South,3958.764492587574,26.37354922686494,273.54508648662625,47136,Winter,11012.696710558925
2022-03-26,Food,South,6700.607688850532,28.34196066874231,494.5034840966993,4137,Fall,7018.287335239168
2022-03-27,Food,East,3161.310569003738,14.022045337496092,111.39788865052991,1097,Spring,6592.440448709407
2022-03-28,Clothing,South,1682.7699529779752,18.40234167632123,362.8150493214172,12407,Fall,5617.853890558733
2022-03-29,Electronics,East,2159.9174971958428,5.0110183827622565,231.94344564693145,31575,Spring,8824.114923387513
2022-03-30,Home,West,2152.412550619952,29.735058784109295,242.68982671652665,13722,Spring,6002.572511500232
2022-03-31,Clothing,North,2367.124241610649,6.950151041503302,372.9189945461793,13924,Summer,6226.267112948687
2022-04-01,Home,North,2249.444553844691,28.28195322405377,361.59626809596637,4750,Summer,5926.448961139782
2022-04-02,Home,West,6767.872703228932,19.489399469771055,496.0651971659847,28733,Summer,9769.552811654328
2022-04-03,Clothing,North,2636.9207595923035,18.232103846365774,107.77743025435635,9535,Winter,6131.755272137844
2022-04-04,Clothing,West,4111.005549914769,15.380655330495257,96.84934222287485,25487,Winter,7840.82063382411
2022-04-05,Clothing,West,9071.095689154106,6.920094351532761,375.9524677079335,31651,Summer,9792.309468205105
2022-04-06,Clothing,West,5265.654762365851,5.295840960165248,310.27411265288407,5666,Winter,7743.607570574495
2022-04-07,Clothing,North,7008.019646689245,6.61458627210526,173.37229995191262,49777,Fall,15563.595931352276
2022-04-08,Home,East,2550.8788408146684,5.593147864327635,85.73871604504397,17994,Fall,8579.786315088975
2022-04-09,Clothing,West,2730.6011692780367,23.3875342070026,88.54621231839374,2727,Winter,5449.3634945544945
2022-04-10,Electronics,South,1367.8175463983098,10.503757775001903,452.3858935988532,35622,Winter,8458.030055240793
2022-04-11,Food,North,2520.415567649481,1.735280296901891,136.3402961234343,11800,Fall,7375.909661791692
2022-04-12,Clothing,West,3507.313051287628,29.07307890422434,195.51720295198433,38823,Spring,9729.421695607807
2022-04-13,Clothing,West,2593.0943584907213,26.51357654890277,151.9953810021446,44039,Fall,8193.955536491378
2022-04-14,Home,South,1798.3228038135005,27.83256849585639,209.7483376243718,19708,Fall,7592.654671782802
2022-04-15,Clothing,East,2085.7228399054075,29.847234679393058,81.24072923574201,13819,Winter,6647.781001424294
2022-04-16,Clothing,East,5147.008912294532,5.216857476584619,283.57690590872164,10369,Fall,9067.747308025968
2022-04-17,Clothing,East,2857.0034656521325,11.887260567079762,80.4256536164967,10283,Winter,7300.914443281806
2022-04-18,Home,West,4278.428749432679,22.74715427112274,410.1604285200627,31573,Winter,9178.773318854192
2022-04-19,Clothing,West,5530.755437693712,20.880618541613767,155.17043685969486,14171,Summer,8811.308027732988
2022-04-20,Food,West,7213.553457664288,4.616877190195652,293.00536157202976,31933,Fall,12161.047003063739
2022-04-21,Home,North,1353.8092585698905,24.474993749718532,446.0355894026562,6774,Spring,4776.514230857995
2022-04-22,Food,South,8194.693590181385,6.73321715509982,342.89481607123736,7519,Summer,8938.9841644388
2022-04-23,Home,West,6651.10350541817,6.714528444678693,289.8310039481009,11983,Winter,9289.981625737137
2022-04-24,Clothing,South,1735.8312875398472,16.109232686802407,195.95018890191903,31932,Winter,9804.674160924991
2022-04-25,Food,South,8862.207616960995,17.788198045251093,199.85086087618907,31798,Spring,10482.38683056404
2022-04-26,Home,East,9287.85160478632,17.402586235134336,351.26912983918555,19133,Winter,9219.571224884005
2022-04-27,Electronics,North,1549.7016386937737,2.744605121932646,497.3627125495254,15939,Fall,7396.281404486772
2022-04-28,Clothing,West,3491.8988333248335,26.32382587891141,347.8276354322204,1781,Summer,5658.745824572865
2022-04-29,Home,East,8255.811518137552,7.968001277661182,301.0025378165112,28624,Winter,11765.247359556126
2022-04-30,Electronics,East,7734.337213452925,3.885447638484125,378.79272960766076,7823,Winter,9699.149422710758
2022-05-01,Home,West,2660.689174207396,26.662442396069316,259.34252552767316,19489,Spring,6722.920212665427
2022-05-02,Electronics,South,2884.143910030393,28.6695449468926,77.06405417035334,40961,Fall,10594.55814627265
2022-05-03,Clothing,East,4334.248925122438,25.86382851796352,303.0335671450594,30118,Winter,7284.829058186528
2022-05-04,Food,South,5360.706866719192,24.285482241746344,480.9313780274211,35881,Spring,9225.682296492032
2022-05-05,Electronics,North,6564.292943772663,19.65725941917065,128.88632406094683,17280,Winter,8924.028740778751
2022-05-06,Home,South,4320.222756127952,16.52572111827418,360.5022008692996,23263,Spring,7016.936510996099
2022-05-07,Clothing,North,5162.812445198331,2.609602797342304,140.4201598965754,14565,Spring,8731.571678299979
2022-05-08,Electronics,South,7727.238443203809,12.253596392120961,291.12245801288657,21354,Fall,12047.809567723874
2022-05-09,Home,East,1330.148826015381,11.18065551036942,93.50440234102382,43951,Winter,9522.028125785182
2022-05-10,Home,East,3271.932499096187,7.792613512809786,252.6669213161833,26643,Fall,9141.336479626289
2022-05-11,Home,North,7420.146272960972,21.70260341065755,390.2734980028607,24648,Spring,8829.578200775028
2022-05-12,Electronics,West,9056.861539184794,14.876272052363124,206.40718590754193,42971,Summer,12465.355758934762
2022-05-13,Electronics,North,5605.096979040995,2.431386477229438,349.2102760192481,19658,Winter,9271.582785335087
2022-05-14,Electronics,North,5789.021367387841,6.6054960584943405,407.95248235537815,22253,Summer,9471.820784012969
2022-05-15,Food,South,1964.5481020579846,20.497762909787877,467.2300187657537,49563,Winter,11195.329700543367
2022-05-16,Electronics,South,5026.711301411092,2.2839257847090053,155.5889368349541,27390,Fall,10695.85042219522
2022-05-17,Electronics,North,5793.555398095208,25.53620742146306,229.69216211418868,24128,Fall,7921.3093710374205
2022-05-18,Electronics,East,3182.2345327125668,14.85439581041923,118.58720599868785,14489,Fall,7543.802254267326
2022-05-19,Food,South,3423.189078544429,14.417597319799441,496.6175759712688,39314,Fall,10420.33642177903
2022-05-20,Electronics,West,4395.557467941604,17.772233539785528,467.15043556593287,33658,Fall,10815.116095502792
2022-05-21,Home,South,1180.6407799995372,24.740428977754476,292.98070862625184,7852,Summer,6719.039627680419
2022-05-22,Electronics,South,3898.7124902486044,10.434276237065792,428.9149824693896,30450,Fall,8457.548241443143
2022-05-23,Home,West,2903.0320629689018,20.340484576771907,284.431089772419,3551,Spring,4978.734291435518
2022-05-24,Home,North,3947.476169601232,16.97195891987373,330.6135596012419,7411,Spring,5608.6622798923145
2022-05-25,Home,West,2077.859186373261,8.01084810508264,90.10599445220748,34243,Summer,8828.667328825519
2022-05-26,Food,North,9014.745526659055,26.35889959065474,389.8716892235636,22800,Winter,10935.786158243125
2022-05-27,Food,North,6342.3320819864375,23.922780648207844,107.47106763585566,11403,Spring,9102.661525171929
2022-05-28,Food,North,7111.920872300407,19.753555039752765,421.7304336136378,8239,Winter,8316.231660520041
2022-05-29,Electronics,West,8102.541147466045,25.51745187282726,401.91263945167367,7710,Summer,8226.550456836814
2022-05-30,Home,North,5485.979790361515,26.01882602879407,368.9351139843394,22384,Winter,8832.206585989794
2022-05-31,Food,East,1782.2825927868132,21.250889301451043,66.27217123614295,22038,Winter,6197.253929690831
2022-06-01,Food,West,5833.95887636693,25.110399850910163,186.40776017539787,41846,Winter,12935.598167332731
2022-06-02,Electronics,East,6281.570062187912,20.924143850078508,168.4006564598793,23447,Winter,7831.616811471972
2022-06-03,Food,North,7708.95526765897,20.404223152809013,212.0613833621836,3285,Summer,8347.50705508476
2022-06-04,Electronics,South,4884.935916067115,18.558341346455528,89.43923604372733,38991,Spring,12437.257109940421
2022-06-05,Clothing,North,2148.222725160074,22.581499186729236,471.6310203639783,14521,Fall,6403.936247803574
2022-06-06,Food,East,3553.9831521885203,4.7581531587922115,299.21100832056936,48657,Winter,11214.744883153155
2022-06-07,Clothing,East,4267.7406675877155,26.426122775967855,187.48593979611059,7971,Spring,6252.218772185039
2022-06-08,Electronics,West,6813.255171984411,26.15530583235696,228.64168268342755,30139,Spring,9932.370612611949
2022-06-09,Home,South,6137.004742020207,0.8774184910367744,251.24114322717605,20909,Summer,11488.379921134794
2022-06-10,Food,West,4204.870533080616,24.77450251694288,320.2674500122778,12531,Spring,4904.948229363657
2022-06-11,Electronics,East,9878.637239136817,3.866096024203356,282.055742463424,15721,Summer,12851.547519654567
2022-06-12,Home,North,6451.973374211984,10.053565627774256,463.7263879464878,20206,Winter,8319.951253267136
2022-06-13,Home,South,3135.0411256239504,22.30524768874823,273.6335673076236,38711,Winter,9056.705849140148
2022-06-14,Clothing,North,1916.0422535836337,4.822796881449246,496.4711066704907,7530,Fall,6040.6368624206925
2022-06-15,Electronics,North,2375.7322526589883,24.539010723571867,433.1412309852931,12116,Fall,6761.068859921621
2022-06-16,Home,South,3213.6195554605733,24.964025338732256,143.8297314608011,1258,Fall,3886.284158909926
2022-06-17,Food,West,2446.132359336001,15.224032012825086,468.7678465897623,1282,Spring,6052.237245108689
2022-06-18,Food,North,2679.103216461752,0.1915761515050074,102.36487904846425,14937,Winter,9847.982423942478
2022-06-19,Clothing,East,3565.856518244624,8.611143995247383,417.85236882103624,2898,Summer,5278.997054767133
2022-06-20,Home,North,2560.3623576527934,18.507807551272265,221.28048206446104,5135,Fall,6057.996968873179
2022-06-21,Electronics,South,9070.888821637825,29.435585340822705,445.0884442002813,7629,Summer,8164.582965981169
2022-06-22,Food,South,1722.10371095478,18.954405810500052,440.6255105483527,44936,Summer,9832.818771145423
2022-06-23,Home,South,5720.602506132292,7.794107431924794,412.6664300529295,20584,Fall,9548.143658885658
2022-06-24,Home,West,4693.571442906954,19.020171092988342,405.5136963381776,24551,Winter,8209.39025775975
2022-06-25,Clothing,North,9841.407552177458,16.199561391475665,187.10561259411836,34380,Fall,13036.59799138602
2022-06-26,Food,West,2008.350119512471,23.395361854534308,86.41367737306348,47971,Summer,11435.855076816264
2022-06-27,Food,West,4580.700391411675,3.209419164808752,231.34108044432264,18071,Fall,8746.075445738103
2022-06-28,Electronics,South,9725.23389947832,22.830837075060842,128.0860317439289,21074,Summer,11548.2330381343
2022-06-29,Food,South,8789.564133045822,16.23799736028331,362.72799000610775,26188,Summer,9908.409240637582
2022-06-30,Electronics,West,8353.64863854352,28.88976011576984,205.7448769420035,3307,Fall,7106.5999366652595
2022-07-01,Food,North,3321.1254434044586,10.256164981160582,489.0245903869617,40901,Spring,10710.260750524578
2022-07-02,Clothing,East,2537.9882865105924,18.978656794018445,338.4374348053994,12205,Fall,8024.6773320903385
2022-07-03,Food,West,7017.788979319879,27.960843165300524,420.11625363546244,6906,Spring,8157.065680180573
2022-07-04,Electronics,North,9364.383902148273,3.0752918397203777,109.63610273383179,3591,Summer,9574.469328564963
2022-07-05,Electronics,South,6010.866037125368,28.116854617093534,437.90651702268013,16149,Summer,8213.781693131361
2022-07-06,Clothing,South,6144.5142052290985,20.636571669024402,465.2407357310274,45918,Spring,10381.82078519361
2022-07-07,Food,North,3519.8118429425576,2.0351117731551573,269.1778634685212,40951,Summer,11357.765659168888
2022-07-08,Food,East,7925.436398727432,9.028907008404488,322.81382198793983,26150,Spring,12008.6059112669
2022-07-09,Clothing,South,2683.39373701771,21.24516265935845,394.16441040634794,32852,Spring,8112.548402707851
2022-07-10,Food,South,3913.113127638193,2.020518044063151,128.67738226718564,43870,Summer,10772.488513856439
2022-07-11,Food,South,4828.927947547751,17.465113805288198,276.1547344085491,2283,Winter,7035.386513161514
2022-07-12,Electronics,North,5568.493408160095,10.376491708588702,229.3983624975409,34691,Spring,10297.802382610018
2022-07-13,Food,West,3181.687591735722,18.627465533024314,115.8682964730121,2125,Fall,5805.837904590822
2022-07-14,Food,South,2033.531422652832,1.3722610143753855,215.39049003118916,2529,Fall,8300.774449774162
2022-07-15,Clothing,West,6495.580381974693,26.14610418457129,80.67753922347211,27170,Summer,9410.459281012785
2022-07-16,Clothing,East,3597.674979162302,29.204669075321906,61.61535812726915,9438,Winter,5924.063883793834
2022-07-17,Home,South,6231.143992803511,29.066335658570743,110.82483011967025,21095,Summer,8124.213407838059
2022-07-18,Electronics,South,2389.2644374678207,22.48955495228774,483.4018002151282,17154,Winter,7529.746442619459
2022-07-19,Food,East,5330.260916693357,3.902587203918959,297.28829115275767,9004,Spring,8189.176924932628
2022-07-20,Food,South,5793.304892964273,22.74789587787068,484.619972518949,10752,Spring,7185.084614267176
2022-07-21,Home,West,1466.4118314018422,0.7376074937640453,244.62404524855938,44360,Spring,11453.62957328573
2022-07-22,Food,North,4029.4385037452853,0.6637065458699176,190.3172598883668,27819,Spring,11183.036929092785
2022-07-23,Electronics,West,2209.7320924507685,9.708306574486237,277.7638382781098,37632,Fall,8782.227151762369
2022-07-24,Home,North,1570.3747342549098,14.659295712139972,247.78025988480957,27515,Fall,5937.18263015984
2022-07-25,Electronics,North,9909.642091509508,23.112222534233798,97.54910791778477,25217,Summer,12328.423608879986
2022-07-26,Home,West,3901.1846047725066,20.498861298195155,338.3718416105928,24172,Winter,7658.219411716492
2022-07-27,Home,West,8288.870012691714,13.37708119130245,147.21718212931984,33994,Spring,12665.606545943501
2022-07-28,Clothing,West,3291.7658928738747,8.208799988449977,328.8145797040233,16036,Spring,5868.939129302604
2022-07-29,Electronics,West,7133.524500015364,29.913735004731336,342.590491579169,12739,Winter,9237.572838070422
2022-07-30,Food,East,7842.050739007179,12.785439067079189,118.41118390789165,33220,Winter,10392.581486868849
2022-07-31,Food,South,6360.748665470598,13.541610729890264,77.60733219980068,10587,Summer,9292.75791530731
2022-08-01,Electronics,North,5244.185696951426,4.9087146357500755,401.3427137307979,45517,Winter,11942.630184524643
2022-08-02,Food,West,4706.568227325417,23.84428646249788,256.9101906961941,31129,Spring,8320.030371141169
2022-08-03,Food,West,4139.814398886958,20.81046677344466,76.1737079774641,1645,Spring,5786.847547844465
2022-08-04,Electronics,West,9365.762298230433,6.623088383662812,497.6898427263952,31930,Spring,13231.045186888776
2022-08-05,Home,East,8475.574670089562,2.471431368475281,76.001252448365,17299,Spring,10950.01021973625
2022-08-06,Electronics,West,9685.242195998613,20.414979062241393,362.76585298634893,31090,Spring,12515.28512535972
2022-08-07,Home,West,2118.6750113699027,19.63533642843406,492.6555163685361,22953,Summer,9349.311268778732
2022-08-08,Food,West,7577.807276832798,8.19778580994628,157.63104689716653,47443,Spring,11559.072736208032
2022-08-09,Food,South,9445.06411138934,28.52590686751231,114.01221590923828,27475,Summer,12660.949287287678
2022-08-10,Food,East,2631.0975954909413,4.5317367534270065,104.62322274009301,19888,Spring,8182.1178975973335
2022-08-11,Clothing,West,1598.4664063009975,12.970044031278057,186.473816405418,44732,Fall,8725.146953263467
2022-08-12,Home,North,7670.085843610532,28.308477605027967,95.47061495479102,17087,Fall,7798.0054158148805
2022-08-13,Clothing,North,6170.258018619207,12.591819507783669,361.47260376235937,47305,Fall,11996.917643143386
2022-08-14,Clothing,North,8576.458990824449,19.155778429922567,78.03130915852822,47037,Fall,13955.790685840553
2022-08-15,Electronics,East,2257.951389636605,11.927831938883829,279.2399576674054,10346,Summer,6439.6349774965765
2022-08-16,Clothing,East,8157.4058067390115,8.2264560704601,498.51358423383954,1587,Summer,10337.235030093847
2022-08-17,Electronics,North,2814.645880429701,29.51932943879485,416.2866212777085,13763,Winter,4856.480778223549
2022-08-18,Electronics,West,2472.9034857913402,12.28002018945129,326.8487472039549,42945,Spring,9904.861785577052
2022-08-19,Clothing,East,2478.3921813789366,26.822976110374032,187.81412935397526,5079,Fall,4153.553840757647
2022-08-20,Home,North,8331.172482082438,6.898638176732586,330.7531263312373,37116,Summer,12895.886214829558
2022-08-21,Home,North,6986.774986265801,6.3931411207524995,287.16865876024326,21215,Spring,11182.117827192575
2022-08-22,Home,West,5707.588822922074,0.9340224865353408,241.73752275066715,26817,Spring,10068.031493453218
2022-08-23,Home,South,4229.474357111522,19.55000476127655,108.81966953308977,25765,Summer,6109.523083864799
2022-08-24,Home,East,8894.804867317975,11.055790311712833,448.97189685821,31112,Fall,12204.76106486984
2022-08-25,Clothing,West,4532.005966803718,25.930747495189113,252.40309196959512,26556,Winter,9061.804160375914
2022-08-26,Clothing,North,8349.394955244194,14.196297200746715,137.58013031934428,19099,Spring,10779.077372546459
2022-08-27,Food,North,4952.214177131966,29.045802837441652,215.49170789478032,44553,Winter,11714.899138516053
2022-08-28,Home,West,4392.499864824168,5.565765471093634,236.35838863801717,46096,Fall,10456.507979208354
2022-08-29,Clothing,East,5164.118071026458,26.058695038668322,422.39205300509343,7450,Fall,7704.340389030263
2022-08-30,Food,South,3712.4008674772786,23.297905583752254,380.1264712526309,14230,Winter,8306.812667029
2022-08-31,Home,South,7728.48442158626,23.12765533932156,396.1872021386029,30009,Fall,8930.171859820535
2022-09-01,Electronics,North,5524.483510832312,25.343496843506628,54.96406899289124,6433,Spring,7458.018739159802
2022-09-02,Food,East,3089.914256321356,22.830719728289967,237.2692991808927,34866,Winter,8385.841310738508
2022-09-03,Clothing,South,9096.171159471116,18.786609648942463,266.60486823589565,40864,Fall,12613.632424186788
2022-09-04,Electronics,East,4455.020992358903,3.937346330471627,58.63652457037551,19710,Winter,9349.319663194206
2022-09-05,Electronics,East,5891.9757500258975,0.9757853847375575,166.9159439352654,12439,Spring,8653.870041662516
2022-09-06,Electronics,North,9158.248998680923,27.625435434470607,392.1304204049608,42855,Fall,11807.64464845532
2022-09-07,Food,South,6618.1419632259285,18.49950943562214,111.69936757804957,17021,Spring,9120.347927319883
2022-09-08,Clothing,West,2052.0823663752767,23.89611872928529,290.88955915366626,7416,Fall,4485.589307860571
2022-09-09,Electronics,North,9458.489112521276,14.445670545376503,146.8408424077569,7980,Summer,8719.135900106627
2022-09-10,Home,South,6649.372477642761,3.519245668871834,55.45434858975197,19058,Fall,10733.897238334292
2022-09-11,Electronics,South,4014.150531913775,3.7555737660765134,158.54065591979366,12101,Winter,6880.602542494406
2022-09-12,Electronics,South,2253.4486539704853,20.56695861686914,489.1431897095242,41718,Fall,9936.488897050996
2022-09-13,Food,South,8146.226703432664,12.90917684698388,410.6917003473453,33602,Spring,12250.445802221091
2022-09-14,Food,South,6580.654803356621,6.015741801010101,481.80948994446504,10122,Spring,7275.933582837209
2022-09-15,Clothing,East,5801.149827786894,14.747836402243106,269.53431976686306,13576,Fall,7843.218441445635
2022-09-16,Home,North,9045.033247458618,1.9262681122540226,99.38128940487658,28516,Winter,13471.91262116398
2022-09-17,Food,East,8097.374901020777,17.459142057431965,296.58177003816184,23433,Summer,9537.864816499106
2022-09-18,Electronics,West,2365.0739175947606,8.06980213305293,254.4698005519824,2089,Winter,5523.542589835346
2022-09-19,Clothing,South,3805.4986101599343,23.926773019115643,429.9606872328272,38346,Summer,10003.071547376083
2022-09-20,Electronics,North,3236.4022583301917,9.310858767707213,94.13716135291006,10127,Spring,7948.7487000623305
2022-09-21,Electronics,South,7695.516633154093,13.656604472454037,269.7085116598002,11487,Winter,9062.08920690985
2022-09-22,Food,North,1301.7919126220145,0.34861619724301907,117.52189911229291,1155,Summer,5151.454951757214
2022-09-23,Clothing,East,6129.0071638418485,2.173406633836766,196.10416710052698,2958,Fall,9674.003111927594
2022-09-24,Home,North,7862.128171666215,11.774806692200544,381.81068482450985,11693,Spring,11250.52341502066
2022-09-25,Home,West,8890.890730855746,14.398165041513705,264.20815821594493,40112,Fall,13715.595164133983
2022-09-26,Food,West,4078.735738443167,18.000616443579112,219.1497283155962,39547,Spring,10179.355189607651
2022-09-27,Food,North,8391.315742048115,8.749877361279097,227.51432535651588,29795,Winter,10929.398281319176
2022-09-28,Clothing,North,1995.6856325968652,20.849456583796275,256.75104578269395,22447,Winter,6369.625580552055
2022-09-29,Home,North,8618.070625610664,25.803671915676137,403.2574447266756,37598,Spring,12301.165822287283
2022-09-30,Home,North,2147.3979609878415,23.395529666800496,451.4381100231055,42814,Spring,9603.72071804258
2022-10-01,Home,West,4575.585615043306,1.1885647604507144,479.90060892676775,26215,Spring,11251.463162445547
2022-10-02,Electronics,South,8175.658292015983,14.415208417734869,404.1065238148828,10794,Winter,10096.918817657386
2022-10-03,Home,North,2349.2568461389637,3.147905352545246,191.93310308660574,34209,Summer,7935.052853682401
2022-10-04,Electronics,North,3063.2625570937735,7.261350475875824,359.660617738944,23424,Fall,9562.911372476014
2022-10-05,Clothing,West,7500.273115537597,29.599877798014393,246.92140582492635,48246,Fall,11096.682040553666
2022-10-06,Electronics,West,7480.328828914669,4.274866287045397,164.60177992072303,38396,Winter,11982.049828152713
2022-10-07,Clothing,East,6770.328695967676,14.966644603540683,428.39221074166517,7370,Fall,8624.032324058498
2022-10-08,Home,North,7245.536000203901,18.544672029543573,67.29185703304626,10528,Spring,10744.001888408735
2022-10-09,Home,East,5884.519990128366,21.073949116323117,455.7928964609406,29276,Summer,12926.081095253388
2022-10-10,Clothing,West,3266.191530162575,16.789460504607423,257.6648590811304,45333,Fall,10933.6457989871
2022-10-11,Food,West,4111.263941535275,0.2931254225755098,336.74066456372617,9179,Summer,7775.679080918474
2022-10-12,Clothing,South,2634.379451212831,9.793839247319756,346.70926499260224,49781,Spring,11340.103411720978
2022-10-13,Food,North,9176.055052002655,15.531349301541344,452.80298331794137,17843,Fall,11483.415486798098
2022-10-14,Electronics,East,6250.526152895084,2.6359949743450004,336.5013569752433,24952,Winter,10167.9957021731
2022-10-15,Electronics,West,4607.662750872759,10.518807936275422,326.2701131420278,34160,Summer,11989.102334534931
2022-10-16,Electronics,West,5158.052232797194,0.9960932637409969,79.99341825231048,45898,Spring,12349.09221240295
2022-10-17,Home,East,9525.550056506338,2.3573549146506223,283.2836098753418,30516,Summer,13194.250371612034
2022-10-18,Electronics,South,2380.1626280447217,11.907698286047882,117.57605036766874,11449,Fall,7405.520651774428
2022-10-19,Food,West,6276.068488151175,3.9814726212918106,381.84519592466853,22125,Fall,10573.047223625454
2022-10-20,Electronics,North,5552.998109960194,17.026225447846745,280.4998643657035,8418,Winter,8605.928283057372
2022-10-21,Clothing,West,6503.088118911831,20.683949074117972,356.102500643759,23746,Spring,8974.693419203095
2022-10-22,Clothing,North,1162.9916543875645,24.017600973272486,68.75280527107292,3454,Spring,4167.7140245841265
2022-10-23,Home,East,8849.115180497363,6.004507327344303,88.15640722061144,18761,Winter,9900.277990909774
2022-10-24,Clothing,North,9389.064542352511,5.024477467772092,372.345524628207,16223,Winter,11505.109628407878
2022-10-25,Food,East,6086.198652302881,3.137035210032008,82.43795119940302,7701,Spring,9435.284069161953
2022-10-26,Electronics,North,7269.857414892031,19.0929074863091,82.06552749436636,3597,Summer,8497.756199282447
2022-10-27,Home,East,9302.494430595661,21.194271794607033,55.448813855699356,1141,Summer,10380.126058915015
2022-10-28,Electronics,North,7365.1477088205875,0.9475843447692611,480.42562923476606,3659,Winter,8995.498618342783
2022-10-29,Electronics,South,2372.851386228352,28.086367387310695,381.8787617565531,21980,Summer,7648.848979341154
2022-10-30,Food,North,6186.595241501319,1.5591385095441723,208.96313382592888,10031,Spring,7926.739819134137
2022-10-31,Clothing,North,6460.435417445703,16.238890059032116,183.44101157944485,16037,Fall,8634.873503296845
2022-11-01,Clothing,South,4817.176041721474,21.27181558352749,207.3664533856323,47738,Fall,11814.334999250139
2022-11-02,Electronics,West,7627.998120622506,26.129073712382567,398.59408903153184,39429,Summer,12299.547485435269
2022-11-03,Home,West,9409.303132921134,21.422607963972833,347.6167749816865,7142,Winter,9053.754220597742
2022-11-04,Clothing,North,9330.116616160987,24.051842492093755,133.33800554036057,13109,Winter,9701.76693161774
2022-11-05,Home,South,5057.55434263719,10.183505776284182,128.34920090033796,23010,Winter,7802.728135823575
2022-11-06,Clothing,North,2019.1424125667972,24.444753412395368,94.27804237102879,9787,Winter,5409.004334857022
2022-11-07,Home,East,9863.570790661011,2.403445391540254,347.1362238656022,43864,Winter,15088.39628927328
2022-11-08,Food,East,8550.082778013406,26.84449968181583,393.9676979997812,9472,Summer,9455.221421022477
2022-11-09,Home,North,2121.9641308294017,16.42777128461209,169.27089274625183,24383,Fall,8178.559222565305
2022-11-10,Food,West,9287.57694355635,24.51893309887481,59.42523246391077,5249,Fall,8992.515504015393
2022-11-11,Food,West,8829.067258559155,13.569548535549004,86.9772503643923,48717,Summer,13614.819361130303
2022-11-12,Home,North,5669.542514134649,19.30733085589575,485.5370156802637,35518,Winter,9760.88357479909
2022-11-13,Food,North,6321.4789217043635,15.792079828083397,182.95014986483912,19351,Summer,10005.063889650546
2022-11-14,Electronics,East,4591.024334831172,21.947685652659956,396.15041652716013,5088,Fall,7127.900829171978
2022-11-15,Food,West,1492.854749398282,2.448899460917687,331.0986059844187,16282,Spring,7744.201249646056
2022-11-16,Clothing,North,4016.775174813108,1.810562519716914,221.87283784380315,20330,Summer,8424.824618753128
2022-11-17,Home,East,8225.681037382103,7.413097020304393,142.55926798799982,43409,Winter,10929.742747804588
2022-11-18,Electronics,West,1041.6882070414258,4.78634040339565,104.62388817173289,22778,Fall,8656.479795104626
2022-11-19,Home,South,4001.4925452202974,26.15350699776605,326.75583561749,25264,Fall,7740.633466713442
2022-11-20,Clothing,East,4583.51824231849,6.57641962074133,398.58520128700457,6075,Fall,6707.662376079057
2022-11-21,Clothing,West,5836.560426441306,29.275957674573938,339.7569140935088,11412,Fall,8289.16124140595
2022-11-22,Clothing,West,9278.700547714845,10.106873753133206,288.6359599621212,49454,Winter,13687.39394628163
2022-11-23,Food,East,4117.113949293651,5.463537470660978,68.87805054423632,29365,Spring,10781.816485160396
2022-11-24,Food,South,4122.578817066049,23.690955214274375,485.8199499174727,8230,Fall,7316.747597396003
2022-11-25,Home,East,7637.511232987736,19.761233265026284,409.42138624455856,49200,Summer,13434.263276443033
2022-11-26,Home,West,5069.961468008265,14.945871493594169,181.76991651543412,12002,Spring,6621.93144812389
2022-11-27,Electronics,North,3021.4434064598377,16.660906528128937,490.9866482114828,14947,Fall,8384.320362209872
2022-11-28,Electronics,North,5071.955645194241,21.576053348167914,320.84671533634497,14686,Spring,8187.025686422581
2022-11-29,Home,East,2267.7131834181987,6.853642239938962,312.0901961932609,30304,Summer,8452.297340465948
2022-11-30,Food,West,2587.48287855601,29.89001748170226,386.6329307432894,14074,Fall,6350.0290325351425
2022-12-01,Clothing,North,5485.309954655318,29.243794864403494,415.2964046405619,5493,Summer,5053.530001209163
2022-12-02,Home,West,4770.3290455409315,19.509770590408106,345.41537329917617,35228,Winter,10341.128804730732
2022-12-03,Electronics,East,9233.613109612901,5.986273527874354,107.64308586479001,15140,Fall,9802.121370230661
2022-12-04,Food,North,4261.545092049698,20.40684727293874,202.22037769752427,32655,Fall,8023.259896534377
2022-12-05,Home,West,6225.295152502391,2.1659522693752753,467.6376381467224,44472,Fall,10929.190776564541
2022-12-06,Home,North,6690.378591275773,0.9195750661741819,151.07702532973337,7816,Fall,10193.498917319102
2022-12-07,Food,East,1117.8501092950028,7.73048665533641,217.475160726881,12639,Winter,5807.037328187892
2022-12-08,Home,West,6971.836348150396,13.878688702179488,244.4345973248882,48192,Fall,14144.91144888272
2022-12-09,Food,North,2602.3237018277628,26.048175162251415,247.73224536250348,47733,Spring,9236.251629749013
2022-12-10,Clothing,East,9649.632857225097,21.81507209298924,325.8228121225365,30492,Fall,10075.90486637014
2022-12-11,Food,North,2337.9645497780166,22.28119563599943,474.3841269851184,12240,Winter,5162.398053140378
2022-12-12,Food,North,4731.617113543214,12.76480003344226,158.31172032462723,33698,Fall,11333.180175106432
2022-12-13,Food,South,1768.1470127077946,10.378049776408888,104.67561933541313,27957,Spring,8004.972839596787
2022-12-14,Home,South,9971.868266613526,11.13116288953808,138.86172043697178,33808,Winter,12261.88869233926
2022-12-15,Home,East,5519.755092981183,29.629486912081735,449.1162050941713,6827,Winter,7121.121426739293
2022-12-16,Food,South,6358.465155880394,1.2032757423744744,340.6148656948427,33762,Spring,11997.051526989018
2022-12-17,Home,East,1603.6882964958472,26.010944883673456,178.65805515762207,9259,Spring,6544.595719966713
2022-12-18,Electronics,South,7749.6442335926,17.3602622571718,417.17612253587777,15849,Spring,11040.208233830635
2022-12-19,Electronics,North,2889.150337860272,13.158462575687714,437.6164983635462,17232,Spring,7150.083394356664
2022-12-20,Home,East,9082.488604966424,21.757729812454095,430.9314524106251,41572,Spring,11284.510125778468
2022-12-21,Home,East,2846.2567643380644,14.600068242741086,463.5169401377995,25173,Winter,7796.959808908704
2022-12-22,Food,North,2716.189485972999,26.202697142449818,163.50845907801272,6374,Winter,5945.640392446894
2022-12-23,Clothing,East,1328.947010632854,27.021055920337755,389.76886793582526,22174,Fall,5567.061783088929
2022-12-24,Home,East,5248.602505989993,12.651627806203663,257.242773773363,24567,Fall,8491.268947789771
2022-12-25,Electronics,South,6083.5701993635475,8.304833917051548,428.8993488005277,36292,Summer,11599.531285379084
2022-12-26,Food,East,1591.3777548551711,17.770509857800867,377.82080472272594,10277,Fall,5886.211032967091
2022-12-27,Home,West,7979.748550255095,27.370900368500727,399.4013509248761,32600,Fall,10914.126252114098
2022-12-28,Electronics,North,5079.5995127322485,6.319865670169998,345.27282695648216,10885,Spring,7553.811138157555
2022-12-29,Electronics,South,5719.51242394822,18.688997506904485,129.8429462613681,1778,Spring,6872.705622423119
2022-12-30,Clothing,South,4966.864722444054,18.946806602775617,295.26211350362223,30165,Fall,8628.358886814942
2022-12-31,Food,West,4606.867547877933,21.99339067245843,493.1013827860287,2492,Summer,7343.162651440832
2023-01-01,Food,North,6036.762981773961,3.947030553817794,471.8246299237035,31462,Spring,12002.479297919845
2023-01-02,Clothing,North,2397.1622133764126,21.474748940462657,69.42818110865525,14615,Fall,4740.15579742698
2023-01-03,Clothing,South,2637.35317445744,27.27097561996923,124.1666670782467,45900,Fall,8615.61694603785
2023-01-04,Food,East,8756.070589121657,5.390493266107259,109.27794805455287,43946,Winter,12006.581376165386
2023-01-05,Food,South,9515.039159202695,7.126299747716329,376.690959493383,8851,Summer,9636.280657808633
2023-01-06,Home,North,4359.7838465177765,29.141852821249188,418.0033984356253,17288,Winter,7368.161312406068
2023-01-07,Home,West,3436.702058291984,5.429308581284693,146.08011483980238,8156,Summer,5812.840380383227
2023-01-08,Clothing,South,6795.9958891511415,25.631552801087373,277.63371182832304,3044,Spring,6498.960491395888
2023-01-09,Home,North,4678.607539882867,14.768335693441044,428.31636260504,8368,Summer,6433.729613187883
2023-01-10,Electronics,South,1228.4772009431038,7.416932232095311,379.76069514481276,20900,Fall,7540.65931826573
2023-01-11,Home,East,2405.3733762957136,26.122497038175343,294.00674247133173,31600,Fall,8125.906173275339
2023-01-12,Home,South,7443.750059626578,13.359157650079965,315.6564607064478,47403,Summer,12072.479593972039
2023-01-13,Electronics,South,6930.315477191362,15.444520617890706,278.762246112326,26634,Summer,10533.152579840544
2023-01-14,Clothing,North,1243.8639325313513,10.777001081992971,183.89680309346926,10168,Summer,5553.201827578761
2023-01-15,Electronics,North,2997.749457396545,17.78852554304782,304.25989678655725,21961,Winter,7533.8933412198285
2023-01-16,Home,North,3079.6731692926423,4.9057161775506835,359.9983859225408,45096,Summer,12477.602866067326
2023-01-17,Clothing,South,7047.034692388555,11.73244609955282,442.99531213736344,47087,Spring,13986.056093006982
2023-01-18,Home,East,1177.3948397892773,29.082369670058625,336.33110929066163,24852,Winter,5320.197699464112
2023-01-19,Electronics,West,1936.9772378611647,7.744002981033827,392.5046916694211,34110,Winter,9822.020887758068
2023-01-20,Electronics,West,8199.244768358705,19.702099936238767,122.03223572955785,33174,Summer,12243.313941859005
2023-01-21,Home,North,2606.9019584890025,9.755701926740846,257.70086348890544,35215,Spring,8188.9025941548425
2023-01-22,Food,North,6874.714970666872,23.20419377059802,54.199228922191985,27955,Winter,10891.425440558394
2023-01-23,Food,South,3143.645029420539,3.926209821550495,161.00548903473037,7581,Fall,8671.543942045299
2023-01-24,Electronics,West,1894.9725348341065,29.09463135235634,376.9077718008522,45619,Winter,7932.109893554823
2023-01-25,Electronics,North,3188.5497189950866,13.613686241509178,496.3144781072136,7317,Summer,5727.787726407821
2023-01-26,Food,East,7500.402386700933,7.081513900393919,94.63014481424716,43856,Spring,13799.386965174273
2023-01-27,Food,East,8701.268212956573,2.20490241990038,230.6724421375797,46714,Summer,14183.284296308917
2023-01-28,Home,North,8471.978781102924,5.092737152626222,410.0319359146218,27649,Fall,12297.728808159674
2023-01-29,Home,North,4574.651766566094,15.59321845668053,141.81603558300446,24132,Fall,9261.454176849518
2023-01-30,Food,West,7012.766229135816,10.110095292938588,299.78822718602885,17789,Fall,10170.474270849121
2023-01-31,Home,West,2844.858658742389,24.866500976478285,379.88208321335367,15567,Summer,5409.332152236197
2023-02-01,Home,South,3638.329572349119,12.926625709854179,327.19345261708054,15868,Winter,8806.951207303298
2023-02-02,Clothing,West,9067.022366690078,7.461428177628897,134.61113057693726,25370,Summer,12867.029766891366
2023-02-03,Home,East,1117.0173115966243,18.5143495981209,209.92305590858274,43533,Spring,8756.700431824238
2023-02-04,Electronics,East,1769.5767776902126,21.203316506563375,402.70630301842874,31483,Winter,7929.445613703076
2023-02-05,Home,North,2870.9762963142457,5.011257237028496,299.4019313594075,13466,Fall,6000.4177837499765
2023-02-06,Home,West,1238.7898348643776,5.02857648864953,52.35332609431073,29803,Summer,8862.520849017548
2023-02-07,Food,South,2632.918915808176,1.1001428080062892,392.44584201264223,19230,Fall,8756.509759217917
2023-02-08,Electronics,East,6247.37404872723,22.092060451969214,65.89010972310759,18862,Fall,8843.092984765843
2023-02-09,Home,East,4792.820955332481,19.914135828654153,385.58020222905446,44355,Spring,11960.557046104037
2023-02-10,Home,South,9034.045399692774,14.238926272494417,141.11625207435685,32259,Winter,11696.899155241725
2023-02-11,Clothing,South,8356.99205564597,25.325113469075912,481.1330660537211,34539,Spring,11930.746280262789
2023-02-12,Home,East,4076.356165280884,24.170104588501594,215.57333808593802,22909,Spring,7100.908514523247
2023-02-13,Home,East,3334.8109008816323,17.560630931902566,197.1192273521356,31795,Spring,8945.32175297145
2023-02-14,Clothing,South,4417.231673505403,26.04813841539776,116.9996226496001,9770,Fall,6708.8546580799775
2023-02-15,Food,East,6312.654482633269,6.175236301103047,187.52189697059669,12093,Spring,9282.173348302424
2023-02-16,Home,North,3412.572767405886,3.3575885819318363,444.49284282269025,47571,Spring,10925.980025772993
2023-02-17,Clothing,North,6617.340170642206,8.092488345509688,498.3504519322613,1193,Winter,7891.873072373952
2023-02-18,Electronics,South,4684.704869721164,1.7126056826794456,215.73928872808176,35775,Winter,11660.269322168117
2023-02-19,Food,West,5968.424627667822,15.935085840030961,251.87478392954415,18569,Spring,8607.593784594146
2023-02-20,Electronics,South,4925.13876221785,28.098170768848846,374.93192219123165,12190,Winter,5670.083741927804
2023-02-21,Electronics,South,3650.191835877259,1.1803062200552894,448.7881012092835,43752,Winter,12890.864511141288
2023-02-22,Clothing,West,9536.07976265941,3.663297420300804,316.86995038405286,33327,Spring,14299.029089005153
2023-02-23,Home,West,7872.452147437847,13.565970848503058,226.1865641800232,43070,Fall,11272.664836188153
2023-02-24,Clothing,West,2261.0185818980726,28.016250525837147,235.6798283818807,21389,Spring,7558.304569902372
2023-02-25,Clothing,North,8816.211783081215,9.484683149302516,363.0281659235631,41197,Winter,12550.596963524138
2023-02-26,Clothing,East,5386.880784245623,15.217044260651774,51.448218621925406,3261,Fall,7522.175394421282
2023-02-27,Clothing,North,9050.970042046822,1.247185771511763,328.8152018569283,29369,Summer,12694.249861461316
2023-02-28,Food,East,8198.697303525838,4.450296028862666,209.97185469861083,27512,Fall,11393.626050003466
2023-03-01,Home,North,4826.921540223101,29.598903688765407,407.38879907468794,7716,Winter,5921.349920086885
2023-03-02,Electronics,East,1202.2237748810567,28.953560893081367,91.84578792040946,22259,Fall,5688.792790470201
2023-03-03,Electronics,North,3418.0962344645145,0.14819942803228847,314.69102012677575,29933,Spring,8778.746230349401
2023-03-04,Home,West,5874.7079319478025,28.55435356269717,266.4378004487557,42689,Summer,9946.714079608597
2023-03-05,Electronics,South,6701.303978435325,19.17359813446501,339.0464866573523,5378,Summer,7862.593792445055
2023-03-06,Home,North,3320.9891688988205,26.037548835600663,79.18411751733575,41583,Summer,8801.157153558624
2023-03-07,Electronics,East,2254.204666655417,13.642195669015774,310.99270434265907,47546,Winter,10881.64461558954
2023-03-08,Clothing,West,8514.372131193693,15.467880857377507,302.66806458178564,20835,Winter,12054.5381780639
2023-03-09,Electronics,North,9859.619626331969,14.665397407707605,302.29704248727694,30033,Summer,11619.786701410561
2023-03-10,Home,North,5731.211640724173,20.00592772638313,321.5694499684047,25000,Fall,9604.713934578307
2023-03-11,Home,West,2545.1135726347316,4.1895376426893876,354.410571751863,46496,Summer,11212.36501448583
2023-03-12,Home,North,3450.7659386743208,0.8992076961803386,412.2450498563464,11332,Fall,8285.624855447417
2023-03-13,Home,South,1165.5160889272006,9.237898247735728,171.41932405769646,43604,Fall,9557.218399992904
2023-03-14,Home,North,9228.689259044491,21.1404228820994,421.27223458102793,3800,Winter,9680.005903776997
2023-03-15,Food,South,2059.75974601127,6.055603563688451,274.21505701855415,30538,Fall,9263.14864750187
2023-03-16,Food,South,6188.648279628282,20.20297299974752,84.67622561044902,31119,Summer,8958.413067499469
2023-03-17,Electronics,West,3466.496986184854,29.097361383218114,76.34791815979064,9333,Winter,7080.836488320796
2023-03-18,Home,North,5987.602022642141,2.8170214736825514,200.40724341322735,6410,Spring,9381.240774903685
2023-03-19,Electronics,West,6862.783495166778,20.178063546753787,403.2036397001604,18839,Spring,8543.102466067117
2023-03-20,Home,North,8467.676233364815,13.312506579137134,368.4564206334121,31519,Winter,11758.05062317315
2023-03-21,Home,North,2857.791445845429,26.044267631325162,404.8767341025829,6808,Summer,6490.811334167525
2023-03-22,Food,East,1098.9624579263243,5.314493683421578,282.7710753987242,7796,Spring,5854.042725212722
2023-03-23,Food,North,2231.9706706192655,20.778778566784936,248.08954907997074,22180,Spring,8368.024454736398
2023-03-24,Clothing,West,9100.167776632945,25.143458689443307,116.35363701782778,44056,Fall,15062.383448463668
2023-03-25,Food,South,8865.010698062637,28.3384265842207,197.6867391241902,18709,Fall,9100.497987185301
2023-03-26,Clothing,North,6376.717919532774,20.497440848689376,245.30871477824388,18543,Summer,7636.742314178145
2023-03-27,Clothing,East,6404.65174390288,14.915242920252819,89.87019335582775,38418,Winter,11602.182321543676
2023-03-28,Clothing,West,6985.3300709162995,18.535417206036414,149.27537872004507,30075,Summer,11294.956680282474
2023-03-29,Clothing,North,2578.3415076110464,26.067149534361548,319.2013823286825,38755,Winter,8630.446903242677
2023-03-30,Clothing,West,9229.707513324638,17.11829239916489,381.0484014076354,48968,Spring,15108.999800025109
2023-03-31,Electronics,East,4768.934724028658,0.9116117909051058,499.2563801268273,38465,Fall,9846.780972745824
2023-04-01,Food,East,4448.246754245477,27.928460865209335,469.90099910460094,31502,Summer,9670.818956893883
2023-04-02,Clothing,West,5670.259347545538,20.685802530946834,339.1543397908362,17724,Summer,7967.378726466535
2023-04-03,Home,North,1422.6937009754954,20.295401573317395,239.5616239823324,4828,Winter,6898.754678029174
2023-04-04,Food,South,2496.5503188047146,6.470254571931515,336.27981411870473,18087,Winter,9725.9777839739
2023-04-05,Food,East,7642.302547837334,19.766564106979715,403.5432281361044,13605,Summer,8426.666480786334
2023-04-06,Clothing,North,1745.1880113261382,11.815932169624755,103.25128591552429,32337,Winter,7965.940261273251
2023-04-07,Electronics,North,6428.368985197494,19.536989311244763,234.45720036332972,6482,Summer,8745.12291401631
2023-04-08,Clothing,South,3208.1419871318885,3.1977909092397216,427.91102853602774,28005,Summer,8857.550798314442
2023-04-09,Electronics,East,4503.660526377789,19.73535913809108,222.7248283698698,23760,Summer,8595.651088352102
2023-04-10,Home,East,3598.243630936299,29.982411773119996,307.34252205223396,6463,Spring,5971.689647354559
2023-04-11,Food,North,4201.054448184543,1.4463611658166808,314.4962123879892,47628,Winter,9871.336009603781
2023-04-12,Home,North,7471.413146658209,29.31522552663952,133.01431391013773,5912,Fall,7847.307550902893
2023-04-13,Electronics,South,3674.0954406085752,12.207238821686119,213.00594874352979,5648,Fall,6101.758005155808
2023-04-14,Electronics,South,6097.641762672075,26.122603510117774,200.53007993386947,34623,Winter,9711.86788343038
2023-04-15,Home,East,5284.453619791897,23.471564521748203,61.78851883942916,36634,Summer,11575.680587277353
2023-04-16,Electronics,West,6973.040488263833,17.010487829600034,60.88629375110986,45602,Fall,10939.688958372659
2023-04-17,Home,East,9431.467653922822,22.153476277539795,424.26366965409807,4112,Fall,9832.465199832399
2023-04-18,Food,North,7593.148874892253,26.355466839040435,172.8818644877656,23054,Winter,9505.238165162295
2023-04-19,Home,East,2934.463407316811,12.12420964953099,283.1354448074669,5492,Fall,6130.4610526860215
2023-04-20,Food,West,1280.648215551562,9.810994846897161,184.42650811494786,23207,Summer,8260.846261482635
2023-04-21,Home,South,3360.376398698426,20.02780156690754,473.30566030190323,16114,Winter,7630.249415572726
2023-04-22,Electronics,West,6355.701376302293,24.23537825823776,166.68354148959818,35285,Summer,11065.194772458788
2023-04-23,Home,West,1462.832321358253,22.868554043298474,243.34556573252078,17018,Fall,7257.973119047065
2023-04-24,Electronics,West,5467.296224811127,23.934409465759035,442.72861271807085,22386,Fall,8444.21925593429
2023-04-25,Home,South,6371.585640252003,13.06749944438799,428.8701050563139,18740,Summer,8794.181113398852
2023-04-26,Home,West,4008.1950173526475,24.535026485250647,133.7456380308248,45199,Spring,9212.095657855994
2023-04-27,Clothing,West,7938.209833712397,3.606271661118253,411.1894894080697,9210,Fall,8884.38080382133
2023-04-28,Electronics,West,1959.3842782039462,16.334672938825488,256.1840990320517,45363,Spring,12648.352917469425
2023-04-29,Clothing,North,1676.2400356222788,0.17275981494364712,267.33599243840985,46639,Fall,11738.061607800746
2023-04-30,Electronics,West,7553.6988058324305,9.737574897008109,110.0659875871747,13743,Spring,8313.196291857788
2023-05-01,Clothing,South,5459.421845855786,10.993846046141936,86.27068119070609,43092,Spring,10166.760663877225
2023-05-02,Food,West,7195.621567849625,11.885180748277662,377.57268813819434,45299,Spring,13015.317808229422
2023-05-03,Home,West,4913.446047433716,20.864016200695865,273.4075185598849,7588,Summer,7719.587011060032
2023-05-04,Electronics,South,3217.6182991519613,11.656743038110372,246.5828161768308,4311,Spring,7005.955832987826
2023-05-05,Electronics,West,8371.920859067797,13.46080867867592,378.27870289357855,23432,Spring,10601.164202046404
2023-05-06,Home,South,8194.742910720814,7.126323926229824,394.4808045459994,34755,Spring,12091.100999046017
2023-05-07,Electronics,West,7252.268237689841,11.197553748880203,121.5086754512091,4321,Fall,8826.235955560269
2023-05-08,Electronics,South,3449.306235069664,6.8180888178945445,324.6013172649386,16812,Spring,8150.841682933436
2023-05-09,Clothing,West,6312.076001821784,2.195877713053309,110.90933702495849,38383,Fall,9665.243742510691
2023-05-10,Electronics,West,4248.765072460241,18.103457801441337,388.11878871307056,49280,Spring,10917.410015582862
2023-05-11,Food,North,1824.2386599397073,20.046383956650487,345.6298203202128,14146,Spring,5472.993697877016
2023-05-12,Food,North,9255.822179160185,18.584710380288435,480.4765794875561,14654,Summer,10339.286989474182
2023-05-13,Home,West,2231.3676782706525,13.90482131401717,81.03110736038953,36820,Fall,12087.701776037879
2023-05-14,Electronics,West,9552.136184387222,11.393573405376895,75.67462451806445,1726,Spring,9746.471087399072
2023-05-15,Home,East,5014.051956621602,25.900009487154758,176.98418361194007,4760,Fall,6374.495817780666